X,Y,month,day,FFMC_YJ,DMC_YJ,DC_YJ,ISI_YJ,temp_YJ,RH_YJ,wind_YJ,rain_YJ,area
7,5,mar,fri,6.915111075592644e+23,11.210981384626042,510.7982502045371,2.6514785110886216,12.896172120672318,3.546170771445676,2.9192044696012833,-0.0,0.0
7,4,oct,tue,1.302163928670706e+24,13.802503500150086,8655.255527380863,3.15408913301693,34.18542122502334,3.201249323491328,0.7153401251655416,-0.0,0.0
7,4,oct,sat,1.302163928670706e+24,15.939222635406372,8990.709234457565,3.15408913301693,26.30898167958807,3.201249323491328,0.9594084776874938,-0.0,0.0
8,6,mar,fri,1.5181648497797294e+24,13.234439367952819,385.3978116282771,3.776616614744302,13.088851080168252,4.045678877775094,2.127207396074414,0.010535368176128226,0.0
8,6,mar,sun,1.0835622804339558e+24,17.77073762672189,573.4226934910221,3.9244869600522003,19.345114299721235,4.061314313556743,1.2274046320367087,-0.0,0.0
8,6,aug,sun,1.6494633484060878e+24,24.992495867634215,5480.409492802122,5.016374412882001,44.501638163833526,3.098073175323486,2.5660743395766525,-0.0,0.0
8,6,aug,mon,1.6494633484060878e+24,25.689154760477898,5604.38778233926,3.649266052305128,49.35941313466844,3.040891373606746,1.7995646395503064,-0.0,0.0
8,6,aug,mon,1.4765874960127723e+24,35.55479124440552,7538.0912999599095,4.1830396409246715,12.512668373783457,3.953176838551715,1.4195555028702762,-0.0,0.0
8,6,sep,tue,1.3771947944292344e+24,32.94730266253764,9098.963626748771,3.2411195383145692,22.986233763127437,3.711782950708113,2.5660743395766525,-0.0,0.0
7,5,sep,sat,1.6955051755425009e+24,25.515964341014538,9213.34918180677,3.2696931098345243,46.02345547958143,3.354235949007914,2.127207396074414,-0.0,0.0
7,5,sep,sat,1.6955051755425009e+24,25.515964341014538,9213.34918180677,3.2696931098345243,33.70970074265726,3.546170771445676,3.0443720057777894,-0.0,0.0
7,5,sep,sat,1.766794043225918e+24,22.568349950542,9489.676441069896,6.345806074047417,37.31316941727758,3.3135243735595687,2.127207396074414,-0.0,0.0
6,5,aug,fri,1.4325418171102176e+22,22.070763098172133,8584.15652822602,0.6625093104587768,31.821829763651895,3.8157392537173407,2.9192044696012833,-0.0,0.0
6,5,sep,mon,1.3580722523299142e+24,32.442534740689446,8983.127553046928,3.2411195383145692,42.24065452147869,3.392902701992548,1.4195555028702762,-0.0,0.0
6,5,sep,wed,1.7911645477504607e+24,33.58060799371997,9232.456529307814,3.826484664466072,55.38614654959108,2.839276850385046,2.29240220946211,-0.0,0.0
6,5,sep,fri,1.8917795471187882e+24,34.87657064983121,9507.030893979176,4.8609248675126695,46.278200987327686,3.4297155667924977,2.5660743395766525,-0.0,0.0
5,5,mar,sat,1.5181648497797294e+24,13.909328385295575,409.15804590412426,3.464018618659759,27.438140280259752,3.040891373606746,2.5660743395766525,-0.0,0.0
8,5,oct,mon,5.700720973372468e+23,13.097324138852176,8563.609248531842,1.8518851345844802,31.120174058479225,3.4818151725897204,2.4174684809054514,-0.0,0.0
6,4,mar,wed,1.0682354766182723e+24,11.711556877321561,338.5395281015711,3.034819159067949,29.26630683343131,3.24812788399119,2.127207396074414,-0.0,0.0
6,4,apr,sat,7.017764197456516e+23,11.565477425506538,532.7368619708436,2.6514785110886216,15.048556611379178,3.4297155667924977,2.29240220946211,-0.0,0.0
6,4,sep,tue,1.3771947944292344e+24,32.94730266253764,9098.963626748771,3.2411195383145692,34.901770983797846,3.354235949007914,1.6383638678468768,-0.0,0.0
5,4,sep,mon,1.5393559373821258e+24,23.646752496673766,9708.28341195809,3.826484664466072,36.82802724352993,3.3135243735595687,1.6383638678468768,-0.0,0.0
7,4,jun,sun,2.166558594962609e+24,27.089856866821364,1508.9904191570952,10.090590819693945,41.49289968874286,3.4297155667924977,2.29240220946211,-0.0,0.0
7,4,aug,sat,1.2309189931852627e+24,29.743789770961097,6301.406696399761,3.0043915370413043,37.79972280207332,3.4115299823762437,2.6794646683367547,-0.0,0.0
7,4,aug,sat,1.9440181636391113e+24,34.58366067658899,7288.133247425789,5.990711126534291,48.32740783924962,3.176705897554622,2.6794646683367547,-0.0,0.0
7,4,aug,sun,1.456194988069069e+24,35.07108882622565,7416.356289293073,4.160154913684233,30.19008096355219,3.6736613013132136,2.5660743395766525,-0.0,0.0
7,4,sep,fri,1.672338142247772e+24,30.970780408284313,8634.655517740282,4.513078206587487,36.58598844422044,3.225042172427029,2.6794646683367547,-0.0,0.0
7,4,sep,mon,1.3580722523299142e+24,32.442534740689446,8983.127553046928,3.2411195383145692,37.5562703198035,3.4984208860167256,0.9594084776874938,-0.0,0.0
6,3,sep,sat,1.917734825493787e+24,35.55479124440552,9652.03339785016,3.5444559892140775,65.6705083139831,2.9464848568968196,1.6383638678468768,-0.0,0.0
6,3,sep,sun,1.9440181636391113e+24,36.178204784883135,9791.875125945333,3.5444559892140775,46.02345547958143,3.3341488268699147,1.9869112958216417,-0.0,0.0
6,3,sep,fri,2.166558594962609e+24,24.953483249467606,9093.256005197316,5.240872556494329,52.746719450737196,2.9464848568968196,1.9869112958216417,-0.0,0.0
6,3,sep,mon,9.803949198625883e+23,26.242938132827568,9429.975413567756,3.2696931098345243,18.92598188850904,3.877781229675184,3.140881781919918,-0.0,0.0
6,3,sep,fri,9.803949198625883e+23,21.840667990895135,9370.391503104422,2.8800732751629723,40.50056523197025,3.292333872034264,1.2274046320367087,-0.0,0.0
6,3,sep,sun,1.5181648497797294e+24,23.06006801369225,9592.016421809763,3.464018618659759,33.47239844324504,3.3341488268699147,1.9869112958216417,-0.0,0.0
6,3,sep,mon,1.5393559373821258e+24,23.646752496673766,9708.28341195809,3.826484664466072,41.99107133024435,3.176705897554622,1.6383638678468768,-0.0,0.0
6,3,sep,tue,1.2483850323667107e+24,24.08660094869899,9823.035765465844,3.034819159067949,34.66262034330811,3.6992892392716605,2.29240220946211,-0.0,0.0
6,3,oct,tue,1.302163928670706e+24,13.802503500150086,8655.255527380863,3.15408913301693,43.24227872555506,2.9464848568968196,2.29240220946211,-0.0,0.0
7,4,oct,fri,1.1966610582759616e+24,15.38818275043472,8909.310341898277,3.7006783300419475,19.135296938948116,3.6736613013132136,2.5660743395766525,-0.0,0.0
7,3,oct,sat,1.302163928670706e+24,15.939222635406372,8990.709234457565,3.15408913301693,33.70970074265726,3.040891373606746,2.127207396074414,-0.0,0.0
4,4,mar,tue,9.123363353898851e+23,11.06158770945784,316.8343984924843,2.18088602065263,25.190444076436606,3.4115299823762437,1.6383638678468768,-0.0,0.0
4,4,jul,tue,2.4740101446607548e+23,19.883829314056847,3624.221415970579,1.106416869373317,47.30031814781303,3.292333872034264,1.7995646395503064,-0.0,0.0
4,4,aug,sat,1.2309189931852627e+24,27.20168313643017,7826.939797985876,3.751457791643953,35.14128721886486,3.392902701992548,2.9192044696012833,-0.0,0.0
4,4,aug,tue,2.317336115508587e+24,29.28092432612344,8246.168163293205,5.438394791428646,30.887063975348266,3.591096696309044,2.5660743395766525,-0.0,0.0
4,4,sep,sat,1.6955051755425009e+24,25.515964341014538,9213.34918180677,3.2696931098345243,38.04352565380168,3.4984208860167256,1.6383638678468768,-0.0,0.0
4,4,sep,wed,1.213678558897958e+24,24.522126459796308,9930.384532035228,3.0043915370413043,22.550795157540797,3.836999873388085,2.4174684809054514,-0.0,0.0
5,6,sep,wed,2.166558594962609e+24,24.953483249467606,9093.256005197316,5.240872556494329,54.062816905896376,2.9464848568968196,2.127207396074414,-0.0,0.0
5,6,sep,mon,1.3580722523299142e+24,32.442534740689446,8983.127553046928,3.2411195383145692,26.53397138182101,3.793854563515507,1.9869112958216417,-0.0,0.0
6,6,jul,mon,2.137510852154222e+24,20.25704926053729,4762.745972462819,4.250997053249801,46.533260929222266,3.270546262925017,1.7995646395503064,-0.0,0.0
4,4,mar,mon,8.006958567877933e+23,10.515048353105627,297.55362698247836,2.295699305290537,20.189350225473067,3.24812788399119,1.2274046320367087,-0.0,0.0
4,4,mar,mon,8.486586736311818e+23,17.980941126000445,586.3767753403918,2.6175575871823336,18.508870359488483,3.4648401245591143,2.6794646683367547,-0.0,0.0
4,4,sep,thu,1.7911645477504607e+24,34.19096240171348,9362.711802030553,3.826484664466072,40.99606145093983,2.6694342166728693,0.9594084776874938,-0.0,0.0
4,3,aug,sun,1.2309189931852627e+24,27.7018243109085,7954.3666620897275,3.034819159067949,42.740810404174105,3.225042172427029,1.4195555028702762,-0.0,0.0
4,3,aug,wed,1.6045769980811284e+24,29.79694220742125,8375.664581905012,3.9244869600522003,40.00641978281174,3.392902701992548,2.4174684809054514,-0.0,0.0
4,3,aug,wed,1.6045769980811284e+24,29.79694220742125,8375.664581905012,3.9244869600522003,40.00641978281174,3.392902701992548,2.4174684809054514,-0.0,0.0
4,3,aug,thu,1.5181648497797294e+24,30.343167725933505,8509.512497815584,3.034819159067949,33.23546997190036,3.447479402007038,1.9869112958216417,-0.0,0.0
4,3,sep,thu,1.7911645477504607e+24,34.19096240171348,9362.711802030553,3.826484664466072,58.85998871093805,2.9464848568968196,1.4195555028702762,-0.0,0.0
4,3,sep,tue,1.2483850323667107e+24,24.08660094869899,9823.035765465844,3.034819159067949,33.70970074265726,3.711782950708113,2.4174684809054514,-0.0,0.0
4,3,oct,sun,1.7189678632682742e+24,16.62636763905721,9083.745773958588,3.7261458661973275,24.524521716323168,3.530584708297477,1.6383638678468768,-0.0,0.0
2,2,feb,mon,4.9787403860926605e+23,5.336121463918207,118.96109662765002,1.4302953308687125,24.74605774879095,3.354235949007914,2.5660743395766525,-0.0,0.0
2,2,feb,fri,7.334216284955543e+23,6.8954262478812485,166.05567519394754,2.718331779972083,21.255615112313883,3.546170771445676,0.7153401251655416,-0.0,0.0
2,2,mar,sun,1.0835622804339558e+24,17.77073762672189,573.4226934910221,3.9244869600522003,19.555431110747726,3.3341488268699147,2.6794646683367547,-0.0,0.0
2,2,mar,sun,1.0835622804339558e+24,17.77073762672189,573.4226934910221,3.9244869600522003,7.944658990219038,3.6605125942506205,2.81510062769839,-0.0,0.0
2,2,aug,thu,1.8158447319886523e+24,22.9989154821032,5135.982427207567,3.436840812362984,36.102981679610394,3.24812788399119,2.4174684809054514,-0.0,0.0
2,2,aug,sun,1.2309189931852627e+24,27.7018243109085,7954.3666620897275,3.034819159067949,40.99606145093983,3.201249323491328,1.6383638678468768,-0.0,0.0
2,2,aug,mon,1.3965653803180234e+24,28.36108838356044,8093.436886735508,2.8800732751629723,46.78863438080167,3.1513643659395485,1.7995646395503064,-0.0,0.0
2,2,aug,thu,1.5181648497797294e+24,30.343167725933505,8509.512497815584,3.034819159067949,35.62141116458658,3.4297155667924977,2.29240220946211,-0.0,0.0
2,2,sep,fri,1.672338142247772e+24,30.970780408284313,8634.655517740282,4.513078206587487,46.533260929222266,3.292333872034264,2.29240220946211,-0.0,0.0
2,2,sep,fri,1.672338142247772e+24,30.970780408284313,8634.655517740282,4.513078206587487,38.04352565380168,3.201249323491328,2.5660743395766525,-0.0,0.0
2,2,sep,fri,1.672338142247772e+24,30.970780408284313,8634.655517740282,4.513078206587487,38.04352565380168,3.201249323491328,2.81510062769839,-0.0,0.0
4,5,mar,fri,1.5181648497797294e+24,13.234439367952819,385.3978116282771,3.776616614744302,32.291522887762994,3.0106609253618,2.29240220946211,-0.0,0.0
4,5,mar,fri,1.416186952868156e+24,17.06026545502361,538.2660358323133,4.5763404634746,29.03636286491509,3.040891373606746,3.140881781919918,-0.0,0.0
4,5,sep,fri,2.166558594962609e+24,24.953483249467606,9093.256005197316,5.240872556494329,33.47239844324504,3.292333872034264,1.9869112958216417,-0.0,0.0
5,4,mar,fri,1.5181648497797294e+24,13.234439367952819,385.3978116282771,3.776616614744302,28.577686132746834,2.979224540449288,2.81510062769839,-0.0,0.0
5,4,aug,tue,1.0089059643619038e+24,35.85925648985748,7651.42273055843,3.776616614744302,32.52694175356161,3.4115299823762437,2.29240220946211,-0.0,0.0
5,4,sep,fri,1.8917795471187882e+24,34.87657064983121,9507.030893979176,4.8609248675126695,58.591092520072145,3.125172583771113,0.9594084776874938,-0.0,0.0
9,9,feb,thu,5.131473282409929e+23,4.21977991386866,84.0922765734158,3.436840812362984,10.082811990337035,3.887636114400905,1.7995646395503064,-0.0,0.0
9,9,feb,fri,7.334216284955543e+23,6.8954262478812485,166.05567519394754,2.718331779972083,28.806822064367783,3.4115299823762437,1.7995646395503064,-0.0,0.0
1,3,mar,mon,8.486586736311818e+23,17.980941126000445,586.3767753403918,2.6175575871823336,13.088851080168252,3.8157392537173407,1.7995646395503064,-0.0,0.0
1,2,aug,fri,1.213678558897958e+24,29.227258274714863,6172.798712153961,4.5763404634746,26.53397138182101,3.7480629027813284,1.6383638678468768,-0.0,0.0
1,2,aug,tue,1.3771947944292344e+24,31.53999586552178,6716.35467083773,3.2411195383145692,42.99138102323447,2.758845696925095,2.9192044696012833,-0.0,0.0
1,2,aug,sun,1.456194988069069e+24,35.07108882622565,7416.356289293073,4.160154913684233,37.79972280207332,3.3341488268699147,2.81510062769839,-0.0,0.0
1,2,aug,sun,1.2309189931852627e+24,27.7018243109085,7954.3666620897275,3.034819159067949,33.94737546680399,3.4297155667924977,1.4195555028702762,-0.0,0.0
1,2,aug,tue,2.317336115508587e+24,29.28092432612344,8246.168163293205,5.438394791428646,35.62141116458658,3.546170771445676,2.29240220946211,-0.0,0.0
1,2,aug,wed,1.6045769980811284e+24,29.79694220742125,8375.664581905012,3.9244869600522003,30.887063975348266,3.4818151725897204,0.7153401251655416,-0.0,0.0
1,2,aug,thu,1.5181648497797294e+24,30.343167725933505,8509.512497815584,3.034819159067949,39.51363399371445,3.447479402007038,1.9869112958216417,-0.0,0.0
1,2,sep,thu,1.7911645477504607e+24,34.19096240171348,9362.711802030553,3.826484664466072,42.740810404174105,2.568856739911103,0.7153401251655416,-0.0,0.0
1,2,sep,thu,1.7911645477504607e+24,34.19096240171348,9362.711802030553,3.826484664466072,52.746719450737196,3.040891373606746,1.4195555028702762,-0.0,0.0
1,2,sep,thu,1.7911645477504607e+24,34.19096240171348,9362.711802030553,3.826484664466072,45.00763651262252,3.225042172427029,1.4195555028702762,-0.0,0.0
1,2,sep,sun,1.9440181636391113e+24,36.178204784883135,9791.875125945333,3.5444559892140775,52.484376245040266,3.270546262925017,1.9869112958216417,-0.0,0.0
6,5,mar,sat,1.5181648497797294e+24,13.909328385295575,409.15804590412426,3.464018618659759,32.76274019120988,2.979224540449288,2.4174684809054514,-0.0,0.0
6,5,aug,sat,1.2309189931852627e+24,27.20168313643017,7826.939797985876,3.751457791643953,26.53397138182101,3.6605125942506205,2.6794646683367547,-0.0,0.0
8,6,mar,fri,1.5181648497797294e+24,13.909328385295575,409.15804590412426,3.464018618659759,32.76274019120988,2.9464848568968196,2.5660743395766525,-0.0,0.0
8,6,aug,sun,1.6494633484060878e+24,24.992495867634215,5480.409492802122,5.016374412882001,40.99606145093983,3.176705897554622,2.81510062769839,-0.0,0.0
8,6,aug,sun,1.456194988069069e+24,35.07108882622565,7416.356289293073,4.160154913684233,34.66262034330811,3.4115299823762437,2.4174684809054514,-0.0,0.0
8,6,aug,mon,1.3965653803180234e+24,28.36108838356044,8093.436886735508,2.8800732751629723,47.556626646751575,2.876643225547074,1.6383638678468768,-0.0,0.0
4,4,sep,sun,1.1469198756411927e+24,25.89997085658948,9324.34263704204,2.5486825773205024,33.70970074265726,3.724072238445727,0.9594084776874938,-0.0,0.0
3,4,feb,sat,4.903956417619875e+23,4.769824545367787,100.59079331766695,1.672401873839623,22.117199810147806,3.4984208860167256,1.2274046320367087,-0.0,0.0
3,4,mar,sat,4.102213960995644e+22,1.8484097857202106,39.51429391842362,0.5910459278876479,32.76274019120988,2.9464848568968196,2.5660743395766525,-0.0,0.0
3,4,aug,sun,1.456194988069069e+24,35.07108882622565,7416.356289293073,4.160154913684233,19.766244551009983,3.9620829297194997,2.29240220946211,-0.0,0.0
3,4,aug,sun,1.456194988069069e+24,35.07108882622565,7416.356289293073,4.160154913684233,38.53217767448927,3.3341488268699147,2.5660743395766525,-0.0,0.0
3,4,aug,sun,1.456194988069069e+24,35.07108882622565,7416.356289293073,4.160154913684233,38.53217767448927,3.3341488268699147,2.5660743395766525,-0.0,0.0
3,4,aug,tue,1.0089059643619038e+24,35.85925648985748,7651.42273055843,3.776616614744302,25.86027859967943,3.7480629027813284,2.5660743395766525,-0.0,0.0
2,4,aug,tue,2.317336115508587e+24,29.28092432612344,8246.168163293205,5.438394791428646,39.267753788845255,3.354235949007914,2.127207396074414,-0.0,0.0
2,4,sep,sat,1.6955051755425009e+24,31.52283038697573,8754.723391601749,3.6750526073530305,49.35941313466844,3.098073175323486,2.29240220946211,-0.0,0.0
2,4,jan,sat,3.722992538975158e+23,2.6284364821570563,19.60909723555409,1.8080639979138056,7.59895718026907,3.877781229675184,1.7995646395503064,-0.0,0.0
4,5,mar,fri,6.615401395839233e+23,9.113888227757332,250.0969330221778,1.7635626733637708,22.117199810147806,3.561443547555125,2.81510062769839,-0.0,0.0
4,5,mar,thu,1.456194988069069e+24,12.513112309381672,362.7830866953451,3.3819168399284627,34.66262034330811,3.098073175323486,1.7995646395503064,-0.0,0.0
4,5,aug,sun,1.2309189931852627e+24,27.7018243109085,7954.3666620897275,3.034819159067949,42.49056789283674,3.201249323491328,1.7995646395503064,-0.0,0.0
4,5,sep,sat,1.6955051755425009e+24,25.515964341014538,9213.34918180677,3.2696931098345243,39.759856369578266,3.447479402007038,1.7995646395503064,-0.0,0.0
4,5,sep,mon,9.803949198625883e+23,26.242938132827568,9429.975413567756,3.2696931098345243,32.76274019120988,3.619632616937646,2.5660743395766525,-0.0,0.0
4,4,mar,fri,6.615401395839233e+23,9.113888227757332,250.0969330221778,1.7635626733637708,24.303426548314825,3.4115299823762437,2.6794646683367547,-0.0,0.0
3,4,mar,fri,1.5181648497797294e+24,13.234439367952819,385.3978116282771,3.776616614744302,36.102981679610394,2.715382594994132,2.29240220946211,-0.0,0.0
3,4,sep,sun,1.1469198756411927e+24,25.89997085658948,9324.34263704204,2.5486825773205024,46.02345547958143,3.3341488268699147,1.9869112958216417,-0.0,0.0
3,4,sep,mon,1.5393559373821258e+24,23.646752496673766,9708.28341195809,3.826484664466072,36.34430616875878,3.24812788399119,1.6383638678468768,-0.0,0.0
3,4,mar,tue,9.123363353898851e+23,11.06158770945784,316.8343984924843,2.18088602065263,29.03636286491509,3.040891373606746,3.140881781919918,-0.0,0.0
3,5,mar,tue,9.123363353898851e+23,11.06158770945784,316.8343984924843,2.18088602065263,28.34895678846702,3.040891373606746,2.81510062769839,-0.0,0.0
3,4,mar,sat,1.5181648497797294e+24,13.909328385295575,409.15804590412426,3.464018618659759,19.766244551009983,3.125172583771113,2.81510062769839,-0.0,0.0
3,4,mar,sat,1.5181648497797294e+24,13.909328385295575,409.15804590412426,3.464018618659759,27.66522573173375,3.040891373606746,2.4174684809054514,-0.0,0.0
3,4,mar,mon,1.213678558897958e+24,14.929507084469767,451.96848753568884,3.0043915370413043,17.68080541305843,3.125172583771113,2.127207396074414,-0.0,0.0
3,4,aug,thu,1.8158447319886523e+24,22.9989154821032,5135.982427207567,3.436840812362984,38.04352565380168,3.270546262925017,1.7995646395503064,-0.0,0.0
3,4,aug,mon,1.4765874960127723e+24,35.55479124440552,7538.0912999599095,4.1830396409246715,17.06524280983741,3.836999873388085,1.4195555028702762,-0.0,0.0
3,4,aug,mon,1.4765874960127723e+24,35.55479124440552,7538.0912999599095,4.1830396409246715,32.05648506334003,3.4115299823762437,2.5660743395766525,-0.0,0.0
3,4,sep,sun,1.672338142247772e+24,32.03557720430025,8873.416685520957,3.649266052305128,45.26111490561275,3.392902701992548,2.5660743395766525,-0.0,0.0
3,4,sep,tue,5.2885168834882595e+23,22.609547037817755,8707.760621958474,1.9375932238892521,33.94737546680399,3.447479402007038,1.7995646395503064,-0.0,0.0
3,4,sep,fri,2.166558594962609e+24,24.953483249467606,9093.256005197316,5.240872556494329,38.53217767448927,3.530584708297477,2.5660743395766525,-0.0,0.0
3,4,oct,sun,1.7189678632682742e+24,16.62636763905721,9083.745773958588,3.7261458661973275,40.50056523197025,2.9464848568968196,2.5660743395766525,-0.0,0.0
3,5,mar,mon,8.486586736311818e+23,17.980941126000445,586.3767753403918,2.6175575871823336,14.454482016462551,3.5146725964821273,1.4195555028702762,-0.0,0.0
3,5,sep,fri,1.9440181636391113e+24,36.178204784883135,9791.875125945333,3.5444559892140775,32.291522887762994,3.4115299823762437,1.7995646395503064,-0.0,0.0
3,5,oct,wed,1.456194988069069e+24,14.463328399915417,8743.445175902856,2.6850670620187738,29.26630683343131,3.4648401245591143,1.9869112958216417,-0.0,0.0
2,5,oct,sun,1.7189678632682742e+24,16.62636763905721,9083.745773958588,3.7261458661973275,28.120635767686487,3.24812788399119,0.7153401251655416,-0.0,0.0
4,6,feb,sat,3.5386499346170995e+22,9.763198269000094,456.4719463604168,0.6625093104587768,28.120635767686487,3.354235949007914,1.6383638678468768,-0.0,0.0
4,6,mar,mon,8.006958567877933e+23,10.515048353105627,297.55362698247836,2.295699305290537,24.968032557109378,3.3341488268699147,1.7995646395503064,-0.0,0.0
4,6,mar,sun,1.0835622804339558e+24,17.77073762672189,573.4226934910221,3.9244869600522003,17.68080541305843,3.4648401245591143,2.4174684809054514,-0.0,0.0
4,6,sep,thu,1.9975842299527927e+24,24.126370423480285,8958.500808422272,5.594674474966111,33.23546997190036,3.392902701992548,1.7995646395503064,-0.0,0.0
3,5,mar,tue,9.123363353898851e+23,11.06158770945784,316.8343984924843,2.18088602065263,26.985217561252252,3.3135243735595687,1.6383638678468768,-0.0,0.0
3,5,aug,sat,1.9440181636391113e+24,34.58366067658899,7288.133247425789,5.990711126534291,33.23546997190036,3.561443547555125,2.6794646683367547,-0.0,0.0
3,6,sep,sun,1.672338142247772e+24,32.03557720430025,8873.416685520957,3.649266052305128,32.291522887762994,3.64713045563451,0.9594084776874938,-0.0,0.0
3,6,sep,mon,1.3580722523299142e+24,32.442534740689446,8983.127553046928,3.2411195383145692,28.577686132746834,3.7480629027813284,1.7995646395503064,-0.0,0.0
9,9,jul,tue,6.518191494342981e+23,17.06026545502361,2887.729923681565,2.21962408564761,34.18542122502334,3.392902701992548,1.6383638678468768,-0.0,0.36
1,4,sep,tue,1.3771947944292344e+24,32.94730266253764,9098.963626748771,3.2411195383145692,43.24227872555506,3.3135243735595687,1.4195555028702762,-0.0,0.43
2,5,sep,mon,1.3580722523299142e+24,32.442534740689446,8983.127553046928,3.2411195383145692,43.74505132053795,3.3341488268699147,1.2274046320367087,-0.0,0.47
1,2,aug,wed,2.544719281774272e+24,27.757089840437303,5896.43808502998,4.720740114079693,47.30031814781303,3.1513643659395485,2.29240220946211,-0.0,0.55
8,6,aug,fri,1.213678558897958e+24,29.227258274714863,6172.798712153961,4.5763404634746,41.99107133024435,3.546170771445676,3.435214604494021,-0.0,0.61
1,2,jul,sat,1.1966610582759616e+24,17.77073762672189,2662.706220826422,3.7006783300419475,30.887063975348266,3.5764150696414374,2.5660743395766525,-0.0,0.71
2,5,aug,wed,2.544719281774272e+24,27.757089840437303,5896.43808502998,4.720740114079693,48.584950514344364,3.176705897554622,2.5660743395766525,-0.0,0.77
6,5,aug,thu,2.4448617937853406e+24,33.31476478719103,7016.222702005514,4.114027399544705,58.05413195338508,2.876643225547074,2.127207396074414,-0.0,0.9
5,4,mar,mon,1.213678558897958e+24,14.929507084469767,451.96848753568884,3.0043915370413043,23.204638496161017,3.354235949007914,2.5660743395766525,-0.0,0.95
8,3,sep,tue,5.2885168834882595e+23,22.609547037817755,8707.760621958474,1.9375932238892521,49.61817599913352,3.0700028138731312,1.9869112958216417,-0.0,0.96
2,2,aug,tue,2.317336115508587e+24,29.28092432612344,8246.168163293205,5.438394791428646,32.76274019120988,3.4115299823762437,2.9192044696012833,-0.0,1.07
8,6,sep,thu,1.9975842299527927e+24,24.126370423480285,8958.500808422272,5.594674474966111,48.32740783924962,2.979224540449288,2.29240220946211,-0.0,1.12
6,5,jun,fri,1.6955051755425009e+24,18.94516373794908,4614.070794159231,3.2696931098345243,47.04432042414744,3.3341488268699147,2.5660743395766525,-0.0,1.19
9,9,jul,sun,1.213678558897958e+24,21.60925615119557,3460.9631789190266,3.298055583577956,51.17708485175544,3.098073175323486,1.4195555028702762,-0.0,1.36
3,4,jul,sat,1.213678558897958e+24,17.747300103401052,4472.972062112651,3.0043915370413043,50.6562481021856,3.4115299823762437,1.2274046320367087,-0.0,1.43
5,4,sep,fri,2.166558594962609e+24,24.953483249467606,9093.256005197316,5.240872556494329,39.267753788845255,3.4818151725897204,2.4174684809054514,-0.0,1.46
1,5,sep,sat,1.917734825493787e+24,35.55479124440552,9652.03339785016,3.5444559892140775,64.02077214283044,3.040891373606746,1.6383638678468768,-0.0,1.46
7,4,aug,sun,2.317336115508587e+24,29.28092432612344,8246.168163293205,5.438394791428646,30.422015849318676,3.4818151725897204,0.9594084776874938,-0.0,1.56
2,4,sep,sat,1.917734825493787e+24,35.55479124440552,9652.03339785016,3.5444559892140775,61.292410314637415,3.040891373606746,1.4195555028702762,-0.0,1.61
2,2,aug,wed,1.6045769980811284e+24,29.79694220742125,8375.664581905012,3.9244869600522003,35.14128721886486,3.447479402007038,1.9869112958216417,-0.0,1.63
2,4,aug,wed,1.6045769980811284e+24,29.79694220742125,8375.664581905012,3.9244869600522003,40.25332310882917,3.24812788399119,2.127207396074414,-0.0,1.64
7,4,sep,fri,1.672338142247772e+24,30.970780408284313,8634.655517740282,4.513078206587487,36.58598844422044,3.225042172427029,2.6794646683367547,-0.0,1.69
7,4,mar,mon,1.213678558897958e+24,14.929507084469767,451.96848753568884,3.0043915370413043,29.727397556155736,3.098073175323486,1.7995646395503064,-0.0,1.75
6,4,aug,thu,2.4448617937853406e+24,33.31476478719103,7016.222702005514,4.114027399544705,39.759856369578266,3.373812343505924,2.127207396074414,-0.0,1.9
6,3,mar,sat,1.302163928670706e+24,17.48839057600823,558.9571200223426,3.464018618659759,27.66522573173375,3.1513643659395485,3.3475534717997957,-0.0,1.94
8,6,sep,sat,1.6955051755425009e+24,31.52283038697573,8754.723391601749,3.6750526073530305,33.70970074265726,3.619632616937646,1.2274046320367087,-0.0,1.95
8,5,sep,sun,1.1469198756411927e+24,25.89997085658948,9324.34263704204,2.5486825773205024,33.70970074265726,3.7597762405179234,1.4195555028702762,-0.0,2.01
6,5,mar,thu,5.700720973372468e+23,8.67933439662655,235.8762543379832,1.8518851345844802,7.59895718026907,3.793854563515507,2.29240220946211,-0.0,2.14
6,5,aug,wed,1.6045769980811284e+24,29.79694220742125,8375.664581905012,3.9244869600522003,30.887063975348266,3.4818151725897204,0.7153401251655416,-0.0,2.29
6,5,aug,wed,2.7195438690218956e+24,32.543833838213004,6871.011331514801,5.3495377962725446,47.556626646751575,3.201249323491328,2.29240220946211,-0.0,2.51
6,5,mar,fri,1.416186952868156e+24,17.06026545502361,538.2660358323133,4.5763404634746,26.30898167958807,3.0106609253618,3.5415244471774203,-0.0,2.53
8,6,aug,thu,2.4448617937853406e+24,33.31476478719103,7016.222702005514,4.114027399544705,40.748145045388185,3.447479402007038,1.4195555028702762,-0.0,2.55
5,4,sep,wed,1.7911645477504607e+24,33.58060799371997,9232.456529307814,3.826484664466072,43.74505132053795,3.24812788399119,1.2274046320367087,-0.0,2.57
8,6,aug,wed,6.327711851992418e+23,25.97639924180841,7563.230663608401,3.1246273394011777,32.76274019120988,3.530584708297477,2.127207396074414,-0.0,2.69
7,4,aug,sun,1.456194988069069e+24,35.07108882622565,7416.356289293073,4.160154913684233,39.267753788845255,3.3341488268699147,2.5660743395766525,-0.0,2.74
4,4,sep,mon,1.3580722523299142e+24,32.442534740689446,8983.127553046928,3.2411195383145692,33.47239844324504,3.3341488268699147,1.4195555028702762,-0.0,3.07
1,4,aug,sat,1.2309189931852627e+24,27.20168313643017,7826.939797985876,3.751457791643953,25.413290265271574,3.5764150696414374,1.2274046320367087,-0.0,3.5
1,4,aug,sat,1.2309189931852627e+24,27.20168313643017,7826.939797985876,3.751457791643953,39.759856369578266,3.3341488268699147,2.4174684809054514,-0.0,4.53
6,5,apr,thu,3.3918035035089964e+23,5.250783748398642,237.10257254848167,1.718352276102424,8.46909822132301,3.591096696309044,2.6794646683367547,-0.0,4.61
2,5,aug,sun,1.2309189931852627e+24,27.7018243109085,7954.3666620897275,3.034819159067949,37.07042131493992,3.4297155667924977,1.6383638678468768,-0.0,4.69
2,5,sep,wed,1.213678558897958e+24,24.522126459796308,9930.384532035228,3.0043915370413043,34.901770983797846,3.447479402007038,1.4195555028702762,-0.0,4.88
8,6,aug,tue,1.0089059643619038e+24,35.85925648985748,7651.42273055843,3.776616614744302,25.86027859967943,3.7480629027813284,2.5660743395766525,-0.0,5.23
1,3,sep,sun,1.672338142247772e+24,32.03557720430025,8873.416685520957,3.649266052305128,48.84279953302652,3.176705897554622,2.9192044696012833,-0.0,5.33
8,6,oct,mon,5.700720973372468e+23,13.097324138852176,8563.609248531842,1.8518851345844802,36.82802724352993,3.176705897554622,2.127207396074414,-0.0,5.44
5,4,feb,sun,7.552439670902931e+23,7.776317900476392,195.95879307269504,2.21962408564761,21.47030445122497,3.5764150696414374,1.4195555028702762,-0.0,6.38
7,4,oct,mon,1.5181648497797294e+24,17.108114727310454,9165.634623946517,4.273422438345188,31.353672742333682,3.447479402007038,2.29240220946211,-0.0,6.83
8,6,aug,fri,2.0525085674045748e+24,33.977205483123036,7155.30836996613,5.092317656271055,40.99606145093983,3.225042172427029,2.4174684809054514,-0.0,6.96
2,5,sep,tue,1.3771947944292344e+24,32.94730266253764,9098.963626748771,3.2411195383145692,33.23546997190036,3.4648401245591143,1.7995646395503064,-0.0,7.04
8,6,mar,sun,1.0835622804339558e+24,17.77073762672189,573.4226934910221,3.9244869600522003,19.555431110747726,3.3341488268699147,2.6794646683367547,-0.0,7.19
1,5,sep,mon,1.3580722523299142e+24,32.442534740689446,8983.127553046928,3.2411195383145692,41.49289968874286,3.392902701992548,1.4195555028702762,-0.0,7.3
6,4,mar,sat,1.3391948425096476e+24,15.48913597254557,473.1024498672246,3.491011557006479,23.423497149678663,3.392902701992548,0.7153401251655416,-0.0,7.4
7,4,mar,sun,1.3205596845188554e+24,16.013585626487437,496.0752846298415,2.783922142129904,19.555431110747726,3.6736613013132136,2.127207396074414,-0.0,8.24
6,5,mar,fri,1.416186952868156e+24,17.06026545502361,538.2660358323133,4.5763404634746,19.977551837713772,3.201249323491328,2.127207396074414,-0.0,8.31
2,5,aug,thu,2.4448617937853406e+24,33.31476478719103,7016.222702005514,4.114027399544705,49.61817599913352,3.0700028138731312,1.6383638678468768,-0.0,8.68
2,2,aug,tue,2.317336115508587e+24,29.28092432612344,8246.168163293205,5.438394791428646,50.6562481021856,2.876643225547074,2.29240220946211,-0.0,8.71
4,5,sep,wed,1.7911645477504607e+24,33.58060799371997,9232.456529307814,3.826484664466072,49.87724177006989,2.979224540449288,2.127207396074414,-0.0,9.41
2,2,aug,tue,2.317336115508587e+24,29.28092432612344,8246.168163293205,5.438394791428646,50.6562481021856,2.876643225547074,2.29240220946211,-0.0,10.01
2,5,aug,fri,2.0525085674045748e+24,33.977205483123036,7155.30836996613,5.092317656271055,47.81324502224503,3.270546262925017,2.5660743395766525,-0.0,10.02
6,5,apr,thu,3.3918035035089964e+23,5.250783748398642,237.10257254848167,1.718352276102424,8.46909822132301,3.591096696309044,2.6794646683367547,-0.0,10.93
4,5,sep,thu,1.7911645477504607e+24,34.19096240171348,9362.711802030553,3.826484664466072,42.740810404174105,2.568856739911103,0.7153401251655416,-0.0,11.06
3,4,sep,tue,1.3771947944292344e+24,32.94730266253764,9098.963626748771,3.2411195383145692,24.74605774879095,3.6605125942506205,2.81510062769839,-0.0,11.24
2,4,sep,mon,1.4325418171102176e+22,22.070763098172133,8584.15652822602,0.6625093104587768,45.51491149756035,3.3135243735595687,1.9869112958216417,-0.0,11.32
1,5,sep,tue,1.3771947944292344e+24,32.94730266253764,9098.963626748771,3.2411195383145692,42.99138102323447,3.201249323491328,1.4195555028702762,-0.0,11.53
6,5,mar,sun,1.213678558897958e+24,14.384869631980742,430.39823332703486,3.298055583577956,21.47030445122497,3.591096696309044,1.9869112958216417,-0.0,12.1
7,4,feb,sun,4.903956417619875e+23,5.078224958785481,109.65718965775497,1.4302953308687125,14.061331945989295,3.7713091109198666,1.4195555028702762,-0.0,13.05
8,6,oct,wed,1.456194988069069e+24,14.463328399915417,8743.445175902856,2.6850670620187738,39.51363399371445,3.292333872034264,1.6383638678468768,-0.0,13.7
5,6,mar,sat,1.302163928670706e+24,17.48839057600823,558.9571200223426,3.464018618659759,27.438140280259752,3.724072238445727,2.127207396074414,-0.0,13.99
4,5,sep,thu,1.7911645477504607e+24,34.19096240171348,9362.711802030553,3.826484664466072,44.24912014579871,3.225042172427029,1.2274046320367087,-0.0,14.57
2,2,aug,sat,1.9440181636391113e+24,34.58366067658899,7288.133247425789,5.990711126534291,46.278200987327686,3.1513643659395485,3.0443720057777894,-0.0,15.45
7,5,sep,tue,1.3771947944292344e+24,32.94730266253764,9098.963626748771,3.2411195383145692,40.748145045388185,3.292333872034264,1.4195555028702762,-0.0,17.2
6,5,sep,fri,1.672338142247772e+24,30.970780408284313,8634.655517740282,4.513078206587487,38.04352565380168,3.201249323491328,2.81510062769839,-0.0,19.23
8,3,sep,thu,1.9975842299527927e+24,24.126370423480285,8958.500808422272,5.594674474966111,47.04432042414744,3.0106609253618,2.4174684809054514,-0.0,23.41
4,4,oct,sat,1.302163928670706e+24,15.939222635406372,8990.709234457565,3.15408913301693,35.14128721886486,2.979224540449288,1.7995646395503064,-0.0,24.23
7,4,aug,sat,1.9440181636391113e+24,34.58366067658899,7288.133247425789,5.990711126534291,7.256476249032859,4.03773434288398,2.6794646683367547,-0.0,26.0
7,4,sep,fri,2.166558594962609e+24,24.953483249467606,9093.256005197316,5.240872556494329,39.267753788845255,3.4818151725897204,2.4174684809054514,-0.0,26.13
7,3,mar,mon,8.486586736311818e+23,17.980941126000445,586.3767753403918,2.6175575871823336,18.508870359488483,3.4648401245591143,2.6794646683367547,-0.0,27.35
4,4,mar,sat,1.5181648497797294e+24,13.909328385295575,409.15804590412426,3.464018618659759,31.821829763651895,3.040891373606746,2.4174684809054514,-0.0,28.66
4,4,mar,sat,1.5181648497797294e+24,13.909328385295575,409.15804590412426,3.464018618659759,31.821829763651895,3.040891373606746,2.4174684809054514,-0.0,28.66
4,4,sep,sun,1.672338142247772e+24,32.03557720430025,8873.416685520957,3.649266052305128,31.587558486098743,3.6736613013132136,0.9594084776874938,-0.0,29.48
1,3,sep,mon,9.803949198625883e+23,26.242938132827568,9429.975413567756,3.2696931098345243,21.47030445122497,3.8264453981236373,2.81510062769839,-0.0,30.32
4,5,sep,wed,1.7911645477504607e+24,33.58060799371997,9232.456529307814,3.826484664466072,37.5562703198035,2.758845696925095,0.9594084776874938,-0.0,31.72
6,5,mar,mon,1.213678558897958e+24,14.929507084469767,451.96848753568884,3.0043915370413043,27.66522573173375,3.040891373606746,1.7995646395503064,-0.0,31.86
8,6,aug,sun,1.2309189931852627e+24,27.7018243109085,7954.3666620897275,3.034819159067949,29.958540993249095,3.6605125942506205,1.7995646395503064,-0.0,32.07
3,4,sep,fri,1.8917795471187882e+24,34.87657064983121,9507.030893979176,4.8609248675126695,35.62141116458658,3.5146725964821273,1.9869112958216417,-0.0,35.88
4,3,mar,mon,8.486586736311818e+23,17.980941126000445,586.3767753403918,2.6175575871823336,18.508870359488483,3.4648401245591143,2.6794646683367547,-0.0,36.85
2,2,jul,fri,9.390190307513334e+23,36.33709489025382,2841.212669798977,3.183322003020634,23.64280748289312,3.887636114400905,1.9869112958216417,-0.0,37.02
7,4,sep,wed,1.213678558897958e+24,24.522126459796308,9930.384532035228,3.0043915370413043,28.120635767686487,3.633506677872831,2.29240220946211,-0.0,37.71
4,4,sep,sun,1.9440181636391113e+24,36.178204784883135,9791.875125945333,3.5444559892140775,46.278200987327686,3.3341488268699147,2.4174684809054514,-0.0,48.55
7,5,oct,mon,1.5181648497797294e+24,17.108114727310454,9165.634623946517,4.273422438345188,29.727397556155736,3.4297155667924977,2.127207396074414,-0.0,49.37
8,6,aug,sat,1.626877414889414e+24,24.304894205811248,5363.7538695114845,4.448946373776487,39.267753788845255,3.225042172427029,2.29240220946211,-0.0,58.3
4,6,sep,sun,1.9440181636391113e+24,36.178204784883135,9791.875125945333,3.5444559892140775,60.479145905759175,3.0106609253618,1.7995646395503064,-0.0,64.1
8,6,aug,sat,1.626877414889414e+24,24.304894205811248,5363.7538695114845,4.448946373776487,30.422015849318676,3.4115299823762437,2.127207396074414,-0.0,71.3
4,4,sep,wed,1.7911645477504607e+24,33.58060799371997,9232.456529307814,3.826484664466072,55.38614654959108,2.839276850385046,2.29240220946211,-0.0,88.49
1,5,sep,sun,1.9440181636391113e+24,36.178204784883135,9791.875125945333,3.5444559892140775,59.12916126403282,3.040891373606746,1.7995646395503064,-0.0,95.18
6,4,sep,tue,1.3771947944292344e+24,32.94730266253764,9098.963626748771,3.2411195383145692,35.862016250105185,3.4115299823762437,1.6383638678468768,-0.0,103.39
9,4,sep,tue,5.2885168834882595e+23,22.609547037817755,8707.760621958474,1.9375932238892521,49.87724177006989,3.270546262925017,1.7995646395503064,-0.0,105.66
4,5,sep,sat,1.6955051755425009e+24,31.52283038697573,8754.723391601749,3.6750526073530305,33.47239844324504,2.979224540449288,1.7995646395503064,-0.0,154.88
8,6,aug,sun,1.456194988069069e+24,35.07108882622565,7416.356289293073,4.160154913684233,38.04352565380168,3.373812343505924,2.6794646683367547,-0.0,196.48
2,2,sep,sat,1.6955051755425009e+24,31.52283038697573,8754.723391601749,3.6750526073530305,34.66262034330811,3.4648401245591143,1.2274046320367087,-0.0,200.94
1,2,sep,tue,1.3771947944292344e+24,32.94730266253764,9098.963626748771,3.2411195383145692,36.102981679610394,3.354235949007914,1.4195555028702762,-0.0,212.88
6,5,sep,sat,1.6955051755425009e+24,31.52283038697573,8754.723391601749,3.6750526073530305,51.96057237319539,3.040891373606746,2.127207396074414,-0.0,1090.84
7,5,apr,sun,3.6094211343674444e+23,2.219952630769051,15.73332745857527,2.061677084521521,23.64280748289312,3.8474068079265336,1.2274046320367087,-0.0,0.0
6,3,apr,wed,8.992588454872365e+23,8.337675513751487,168.81078265729113,2.18088602065263,27.66522573173375,3.546170771445676,1.6383638678468768,-0.0,0.0
4,4,apr,fri,4.276021625711313e+23,10.329675022926322,442.2586409363631,1.5297660675654552,31.120174058479225,2.800072561171796,1.7995646395503064,-0.0,0.0
2,4,aug,sun,2.137510852154222e+24,31.72847743634766,7211.887533294719,4.659390327637054,28.120635767686487,3.7480629027813284,2.127207396074414,-0.0,10.13
7,4,aug,sun,1.5393559373821258e+24,40.16255329384171,9253.488800531812,4.8411442568644345,43.74505132053795,3.8264453981236373,3.140881781919918,0.010535368497416564,0.0
2,4,aug,sun,1.5393559373821258e+24,40.16255329384171,9253.488800531812,4.8411442568644345,45.00763651262252,3.591096696309044,3.140881781919918,-0.0,2.87
3,4,aug,sun,1.5393559373821258e+24,40.16255329384171,9253.488800531812,4.8411442568644345,56.44995462711926,3.3135243735595687,2.81510062769839,-0.0,0.76
5,4,aug,sun,1.5393559373821258e+24,40.16255329384171,9253.488800531812,4.8411442568644345,53.535504735504986,3.3341488268699147,2.5660743395766525,-0.0,0.09
2,4,aug,wed,1.626877414889414e+24,26.20495189769114,5735.8173646685,3.9244869600522003,40.748145045388185,3.793854563515507,1.4195555028702762,-0.0,0.75
8,6,aug,wed,1.840838195347004e+24,37.438744206934636,8610.32971013819,4.7813162688545185,61.56404013303445,3.0700028138731312,1.6383638678468768,-0.0,0.0
3,4,aug,wed,1.840838195347004e+24,37.438744206934636,8610.32971013819,4.7813162688545185,43.24227872555506,3.354235949007914,0.35597782769082426,-0.0,2.47
8,5,aug,wed,1.840838195347004e+24,37.438744206934636,8610.32971013819,4.7813162688545185,56.44995462711926,2.979224540449288,1.7995646395503064,-0.0,0.68
8,5,aug,wed,1.840838195347004e+24,37.438744206934636,8610.32971013819,4.7813162688545185,49.100954027193794,3.270546262925017,1.7995646395503064,-0.0,0.24
6,5,aug,wed,1.840838195347004e+24,37.438744206934636,8610.32971013819,4.7813162688545185,44.24912014579871,3.292333872034264,1.9869112958216417,-0.0,0.21
7,4,aug,thu,1.5608195156690995e+24,29.4415993272608,6783.990995787467,3.5178229411038426,42.49056789283674,3.3135243735595687,1.6383638678468768,-0.0,1.52
6,3,aug,thu,1.4972430818231448e+24,34.37125744345128,7781.585308941369,3.034819159067949,36.34430616875878,3.373812343505924,1.7995646395503064,-0.0,10.34
2,5,aug,thu,8.364257525263876e+23,23.344293473403912,9140.85347224147,2.6175575871823336,44.75447727691724,3.4648401245591143,2.127207396074414,-0.0,0.0
8,6,aug,sat,2.137510852154222e+24,30.849296459606002,7056.628488891512,4.250997053249801,48.84279953302652,3.373812343505924,1.4195555028702762,-0.0,8.02
4,3,aug,sat,2.137510852154222e+24,30.849296459606002,7056.628488891512,4.250997053249801,42.49056789283674,3.4297155667924977,1.6383638678468768,-0.0,0.68
3,4,aug,sat,1.5393559373821258e+24,39.52932690950867,9093.256005197316,4.821283207924822,40.50056523197025,3.6605125942506205,0.7153401251655416,-0.0,0.0
7,4,aug,sat,1.5393559373821258e+24,39.52932690950867,9093.256005197316,4.821283207924822,48.32740783924962,3.354235949007914,1.2274046320367087,-0.0,1.38
2,4,aug,mon,1.9706333542909763e+24,27.38750336518964,6379.647195076848,4.958651014618553,60.479145905759175,3.176705897554622,2.127207396074414,-0.0,8.85
3,4,aug,fri,1.4972430818231448e+24,30.00903289543023,6914.650420362389,3.751457791643953,18.92598188850904,3.935035819761304,3.140881781919918,-0.0,3.3
2,4,aug,fri,1.4972430818231448e+24,30.00903289543023,6914.650420362389,3.751457791643953,42.49056789283674,3.392902701992548,1.7995646395503064,-0.0,4.25
6,3,aug,fri,1.3965653803180234e+24,34.86033368155454,7916.071546546754,3.2696931098345243,37.31316941727758,3.3341488268699147,1.9869112958216417,-0.0,1.56
4,4,aug,fri,2.166558594962609e+24,39.02780270163475,8943.356325265335,4.679927845432909,43.493502494373836,3.5764150696414374,1.7995646395503064,-0.0,6.54
4,4,aug,tue,1.9975842299527927e+24,28.178809124935842,6521.575909574619,4.997207473080135,44.24912014579871,3.591096696309044,3.140881781919918,-0.0,0.79
6,5,aug,tue,2.166558594962609e+24,33.31476478719103,7518.357182427893,6.360763308881752,37.5562703198035,3.6054991610169633,2.127207396074414,-0.0,0.17
2,2,aug,tue,1.6045769980811284e+24,36.70108796157293,8451.80278106321,4.939259952979425,48.32740783924962,2.9464848568968196,1.7995646395503064,-0.0,0.0
3,4,aug,tue,1.6045769980811284e+24,36.70108796157293,8451.80278106321,4.939259952979425,41.49289968874286,3.176705897554622,1.7995646395503064,-0.0,0.0
4,4,aug,tue,1.6045769980811284e+24,36.70108796157293,8451.80278106321,4.939259952979425,36.82802724352993,3.5764150696414374,1.6383638678468768,-0.0,4.4
2,2,aug,tue,1.6045769980811284e+24,36.70108796157293,8451.80278106321,4.939259952979425,43.493502494373836,3.619632616937646,1.7995646395503064,-0.0,0.52
8,6,aug,tue,1.6045769980811284e+24,36.70108796157293,8451.80278106321,4.939259952979425,39.267753788845255,3.64713045563451,2.29240220946211,-0.0,9.27
2,5,aug,tue,1.6045769980811284e+24,36.70108796157293,8451.80278106321,4.939259952979425,39.51363399371445,3.4818151725897204,2.127207396074414,-0.0,3.09
4,6,dec,sun,5.2885168834882595e+23,11.506781962606176,3437.0282788859236,3.183322003020634,6.748957329179307,3.633506677872831,3.3475534717997957,-0.0,8.98
8,6,dec,wed,4.9787403860926605e+23,11.68241560660111,3452.509680129755,2.718331779972083,7.256476249032859,3.686584376750414,3.234437179571204,-0.0,11.19
4,6,dec,thu,5.449982328910128e+23,11.270456379036336,3415.952121622761,1.37911076204016,7.256476249032859,3.686584376750414,2.4174684809054514,-0.0,5.38
4,4,dec,mon,6.142377330994304e+23,10.971458992909954,3383.7136330611156,1.672401873839623,6.414862383357786,2.839276850385046,3.3475534717997957,-0.0,17.85
3,4,dec,mon,6.142377330994304e+23,10.971458992909954,3383.7136330611156,1.672401873839623,6.414862383357786,2.839276850385046,3.3475534717997957,-0.0,10.73
4,4,dec,mon,6.142377330994304e+23,10.971458992909954,3383.7136330611156,1.672401873839623,6.414862383357786,2.839276850385046,3.3475534717997957,-0.0,22.03
4,4,dec,mon,6.142377330994304e+23,10.971458992909954,3383.7136330611156,1.672401873839623,6.414862383357786,2.839276850385046,3.3475534717997957,-0.0,9.77
4,6,dec,fri,5.532408682557236e+23,11.359371240508638,3424.377754920762,2.295699305290537,2.7100072046081802,3.6605125942506205,2.4174684809054514,-0.0,9.27
6,5,dec,tue,6.142377330994304e+23,10.971458992909954,3383.7136330611156,1.672401873839623,7.256476249032859,2.9464848568968196,3.3475534717997957,-0.0,24.77
6,3,feb,sun,5.700720973372468e+23,11.594768292338427,3437.0282788859236,2.0208835358813473,5.7572632011652365,3.546170771445676,2.127207396074414,-0.0,0.0
3,4,feb,wed,7.66378244242345e+23,4.12517234666962,51.299939335662394,1.9375932238892521,14.061331945989295,3.24812788399119,1.7995646395503064,-0.0,1.1
5,4,feb,fri,5.962060384328092e+23,3.2801077032967276,40.57876358575311,3.034819159067949,11.564954065713797,3.4648401245591143,3.234437179571204,-0.0,24.24
2,5,jul,sun,2.0525085674045748e+24,39.347366475727256,4286.469943801136,4.534260690520191,47.556626646751575,3.354235949007914,2.81510062769839,-0.0,0.0
7,6,jul,wed,1.416186952868156e+24,41.35358759408977,4682.031857606605,4.5763404634746,21.901099257425894,3.988173586394033,3.140881781919918,0.010535368176128226,0.0
7,4,jul,sat,1.4972430818231448e+24,28.54272721490432,5268.744037214213,3.776616614744302,44.24912014579871,3.5146725964821273,1.6383638678468768,-0.0,0.0
7,4,jul,sat,1.4972430818231448e+24,28.54272721490432,5268.744037214213,3.776616614744302,49.61817599913352,3.176705897554622,1.2274046320367087,-0.0,0.0
7,4,jul,sat,1.4972430818231448e+24,28.54272721490432,5268.744037214213,3.776616614744302,49.87724177006989,3.125172583771113,1.2274046320367087,-0.0,0.0
2,5,jul,sat,1.4972430818231448e+24,28.54272721490432,5268.744037214213,3.776616614744302,35.862016250105185,3.5764150696414374,1.2274046320367087,-0.0,0.0
9,4,jul,sat,1.4972430818231448e+24,28.54272721490432,5268.744037214213,3.776616614744302,52.484376245040266,3.3341488268699147,0.7153401251655416,-0.0,8.0
4,5,jul,fri,1.4972430818231448e+24,27.812295141073562,5131.203545343681,3.034819159067949,46.278200987327686,3.354235949007914,0.9594084776874938,-0.0,2.64
7,6,jul,tue,1.840838195347004e+24,40.953775748309496,4575.594259773627,4.250997053249801,56.71661505451742,3.0700028138731312,2.5660743395766525,-0.0,86.45
8,6,jul,tue,1.6494633484060878e+24,25.669942883139516,4731.651410360443,3.649266052305128,32.05648506334003,3.7597762405179234,1.9869112958216417,-0.0,6.57
7,5,jun,sun,1.840838195347004e+24,40.953775748309496,4575.594259773627,4.250997053249801,44.501638163833526,3.4984208860167256,0.9594084776874938,-0.0,0.0
6,4,jun,sun,1.2660793766981641e+24,25.804261889996837,2591.5447387216273,3.064997450039723,25.636569105038156,3.4648401245591143,1.2274046320367087,-0.0,0.9
8,6,jun,sun,1.2660793766981641e+24,25.804261889996837,2591.5447387216273,3.064997450039723,28.120635767686487,3.447479402007038,1.4195555028702762,-0.0,0.0
8,6,jun,wed,1.416186952868156e+24,35.939140688198755,3775.306802619557,4.6180474514149354,38.04352565380168,3.4115299823762437,2.4174684809054514,-0.0,0.0
6,5,jun,sat,1.603998786135928e+21,22.112459269477412,1890.7117403068826,0.36012754829121474,17.68080541305843,3.988173586394033,1.6383638678468768,-0.0,0.0
6,5,jun,mon,1.2660793766981641e+24,26.5268843144984,2686.125025565753,3.3819168399284627,40.748145045388185,2.979224540449288,2.4174684809054514,-0.0,0.0
6,5,jun,mon,1.2660793766981641e+24,26.5268843144984,2686.125025565753,3.3819168399284627,36.82802724352993,3.3341488268699147,2.5660743395766525,-0.0,3.52
3,6,jun,fri,1.3965653803180234e+24,26.677644649327753,1870.8834408963314,3.2696931098345243,37.07042131493992,3.3135243735595687,2.29240220946211,-0.0,0.0
3,6,jun,fri,1.3965653803180234e+24,26.677644649327753,1870.8834408963314,3.2696931098345243,37.07042131493992,3.3135243735595687,2.29240220946211,-0.0,0.0
6,5,may,sat,5.873744431274023e+23,11.740661191392453,669.3358445945788,2.061677084521521,19.135296938948116,4.0215825660292275,2.4174684809054514,-0.0,0.0
1,4,sep,sun,1.1307679681589717e+24,24.757919303310256,9514.74714342325,2.8483112438405196,36.58598844422044,3.561443547555125,1.4195555028702762,-0.0,0.0
7,4,sep,sun,1.1307679681589717e+24,24.757919303310256,9514.74714342325,2.8483112438405196,32.05648506334003,3.5764150696414374,2.5660743395766525,-0.0,0.41
3,4,sep,sun,1.1307679681589717e+24,24.757919303310256,9514.74714342325,2.8483112438405196,48.584950514344364,3.24812788399119,1.9869112958216417,-0.0,5.18
2,4,sep,sun,1.672338142247772e+24,28.832037918910945,10371.305570608367,3.9965398411414794,29.496652286136744,3.447479402007038,1.2274046320367087,-0.0,0.0
2,4,sep,sun,1.672338142247772e+24,28.832037918910945,10371.305570608367,3.9965398411414794,51.43795051759047,3.040891373606746,1.4195555028702762,-0.0,0.0
7,4,sep,sun,1.672338142247772e+24,28.832037918910945,10371.305570608367,3.9965398411414794,52.484376245040266,3.040891373606746,1.6383638678468768,-0.0,0.0
6,3,sep,sun,1.672338142247772e+24,28.832037918910945,10371.305570608367,3.9965398411414794,51.17708485175544,3.0700028138731312,1.2274046320367087,-0.0,14.29
2,4,sep,sun,7.735091255841267e+20,16.55346934690737,9366.551408203692,0.36012754829121474,21.041401144936316,3.877781229675184,2.81510062769839,-0.0,0.0
6,5,sep,wed,1.7189678632682742e+24,30.53569109602501,10749.92851357981,3.7261458661973275,49.87724177006989,3.040891373606746,2.4174684809054514,-0.0,0.0
4,4,sep,wed,1.7189678632682742e+24,30.53569109602501,10749.92851357981,3.7261458661973275,38.28767767472878,3.373812343505924,1.2274046320367087,-0.0,1.58
3,4,sep,wed,1.416186952868156e+24,33.812269402408596,11568.846906370565,3.298055583577956,35.381167718563454,3.125172583771113,1.6383638678468768,-0.0,0.0
4,5,sep,thu,1.672338142247772e+24,27.071194597947535,10002.804464023893,3.6750526073530305,35.62141116458658,2.9464848568968196,2.6794646683367547,-0.0,0.0
4,4,sep,thu,1.672338142247772e+24,27.071194597947535,10002.804464023893,3.6750526073530305,37.07042131493992,2.9464848568968196,2.4174684809054514,-0.0,3.78
6,5,sep,thu,1.766794043225918e+24,31.16115518639912,10878.410068482744,3.3819168399284627,42.99138102323447,3.040891373606746,1.4195555028702762,-0.0,0.0
5,4,sep,thu,1.766794043225918e+24,31.16115518639912,10878.410068482744,3.3819168399284627,42.99138102323447,3.0700028138731312,2.81510062769839,-0.0,4.41
6,3,sep,thu,1.766794043225918e+24,31.16115518639912,10878.410068482744,3.3819168399284627,36.34430616875878,3.225042172427029,3.0443720057777894,-0.0,34.36
1,4,sep,thu,1.766794043225918e+24,31.16115518639912,10878.410068482744,3.3819168399284627,31.353672742333682,3.0700028138731312,2.127207396074414,-0.0,7.21
6,5,sep,thu,1.766794043225918e+24,31.16115518639912,10878.410068482744,3.3819168399284627,31.353672742333682,3.0700028138731312,2.127207396074414,-0.0,1.01
3,5,sep,thu,1.3205596845188554e+24,34.174545856420146,11677.656093578536,3.183322003020634,22.550795157540797,3.3341488268699147,1.6383638678468768,-0.0,2.18
6,5,sep,thu,9.123363353898851e+23,18.236093818276142,9758.800647358725,2.7512808540544396,24.303426548314825,3.619632616937646,1.2274046320367087,-0.0,4.42
1,4,sep,sat,1.626877414889414e+24,28.19706611066398,10240.774069070314,3.6233159464104507,49.61817599913352,3.040891373606746,1.7995646395503064,-0.0,0.0
5,4,sep,sat,1.626877414889414e+24,28.19706611066398,10240.774069070314,3.6233159464104507,49.35941313466844,3.040891373606746,1.7995646395503064,-0.0,0.0
6,5,sep,sat,1.626877414889414e+24,28.19706611066398,10240.774069070314,3.6233159464104507,41.99107133024435,3.176705897554622,1.4195555028702762,-0.0,0.0
6,5,sep,sat,1.626877414889414e+24,28.19706611066398,10240.774069070314,3.6233159464104507,38.28767767472878,3.24812788399119,1.2274046320367087,-0.0,0.0
4,3,sep,sat,1.626877414889414e+24,28.19706611066398,10240.774069070314,3.6233159464104507,47.81324502224503,3.040891373606746,2.127207396074414,-0.0,3.33
3,3,sep,sat,1.626877414889414e+24,28.19706611066398,10240.774069070314,3.6233159464104507,49.61817599913352,3.040891373606746,1.7995646395503064,-0.0,6.58
7,4,sep,sat,1.416186952868156e+24,32.08660250093317,11116.536042970276,3.649266052305128,42.740810404174105,3.0700028138731312,2.29240220946211,-0.0,15.64
4,4,sep,sat,1.416186952868156e+24,32.08660250093317,11116.536042970276,3.649266052305128,32.05648506334003,3.373812343505924,1.4195555028702762,-0.0,11.22
1,4,sep,mon,1.6045769980811284e+24,25.458091641734715,9646.220225432331,3.900197561512463,34.423836639143985,3.591096696309044,1.7995646395503064,-0.0,2.13
2,3,sep,mon,1.4972430818231448e+24,29.29880100143488,10488.426375443889,3.0043915370413043,34.18542122502334,3.546170771445676,2.5660743395766525,-0.0,0.0
4,3,sep,mon,1.4972430818231448e+24,29.29880100143488,10488.426375443889,3.0043915370413043,16.050016321978244,3.953176838551715,1.2274046320367087,-0.0,0.0
7,4,sep,mon,1.4972430818231448e+24,29.29880100143488,10488.426375443889,3.0043915370413043,37.31316941727758,3.4297155667924977,1.4195555028702762,-0.0,0.0
6,3,sep,mon,1.4972430818231448e+24,29.29880100143488,10488.426375443889,3.0043915370413043,46.533260929222266,3.225042172427029,1.4195555028702762,-0.0,56.04
8,6,sep,mon,1.4972430818231448e+24,29.29880100143488,10488.426375443889,3.0043915370413043,45.769025337066374,3.24812788399119,1.4195555028702762,-0.0,7.48
2,4,sep,mon,1.4972430818231448e+24,29.29880100143488,10488.426375443889,3.0043915370413043,40.00641978281174,3.373812343505924,1.2274046320367087,-0.0,1.47
2,5,sep,mon,1.4972430818231448e+24,29.29880100143488,10488.426375443889,3.0043915370413043,37.31316941727758,3.4297155667924977,1.4195555028702762,-0.0,3.93
8,6,sep,mon,1.5608195156690995e+24,29.88541392870437,10613.937371885931,3.094931781484368,28.806822064367783,3.546170771445676,1.4195555028702762,-0.0,0.0
6,3,sep,mon,1.4765874960127723e+24,33.04774342110759,11356.256370862826,3.3819168399284627,40.50056523197025,3.292333872034264,1.2274046320367087,-0.0,0.0
8,6,sep,mon,1.4765874960127723e+24,33.04774342110759,11356.256370862826,3.3819168399284627,29.26630683343131,3.546170771445676,2.29240220946211,-0.0,2.18
6,3,sep,mon,1.4765874960127723e+24,33.04774342110759,11356.256370862826,3.3819168399284627,21.041401144936316,3.7480629027813284,2.4174684809054514,-0.0,6.1
2,2,sep,mon,1.4765874960127723e+24,33.04774342110759,11356.256370862826,3.3819168399284627,31.353672742333682,3.4115299823762437,1.7995646395503064,-0.0,5.83
1,4,sep,mon,1.4765874960127723e+24,33.04774342110759,11356.256370862826,3.3819168399284627,42.24065452147869,3.24812788399119,1.4195555028702762,-0.0,28.19
5,4,sep,fri,1.6045769980811284e+24,27.59111158097938,10118.622220664021,3.9244869600522003,16.657528638461297,3.8474068079265336,1.9869112958216417,-0.0,0.0
3,4,sep,fri,1.6045769980811284e+24,27.59111158097938,10118.622220664021,3.9244869600522003,32.76274019120988,3.633506677872831,2.29240220946211,-0.0,0.0
5,4,sep,fri,1.6045769980811284e+24,27.59111158097938,10118.622220664021,3.9244869600522003,22.333765904023167,3.724072238445727,1.9869112958216417,-0.0,1.64
5,4,sep,fri,1.6045769980811284e+24,27.59111158097938,10118.622220664021,3.9244869600522003,16.657528638461297,3.8474068079265336,1.9869112958216417,-0.0,3.71
4,4,sep,fri,1.6045769980811284e+24,27.59111158097938,10118.622220664021,3.9244869600522003,28.120635767686487,3.5764150696414374,2.81510062769839,-0.0,7.31
7,4,sep,fri,1.6045769980811284e+24,27.59111158097938,10118.622220664021,3.9244869600522003,40.50056523197025,3.4115299823762437,1.9869112958216417,-0.0,2.03
7,4,sep,fri,1.6045769980811284e+24,27.59111158097938,10118.622220664021,3.9244869600522003,38.53217767448927,3.4818151725897204,1.6383638678468768,-0.0,1.72
7,4,sep,fri,1.6045769980811284e+24,27.59111158097938,10118.622220664021,3.9244869600522003,35.862016250105185,3.530584708297477,1.4195555028702762,-0.0,5.97
4,4,sep,fri,1.6045769980811284e+24,27.59111158097938,10118.622220664021,3.9244869600522003,40.99606145093983,3.24812788399119,2.4174684809054514,-0.0,13.06
4,4,sep,fri,1.6045769980811284e+24,27.59111158097938,10118.622220664021,3.9244869600522003,40.99606145093983,3.24812788399119,2.4174684809054514,-0.0,1.26
6,3,sep,fri,1.6955051755425009e+24,31.677134746556476,11003.327528952339,4.067411229145057,29.26630683343131,3.6054991610169633,1.9869112958216417,-0.0,0.0
6,3,sep,fri,1.6955051755425009e+24,31.677134746556476,11003.327528952339,4.067411229145057,38.28767767472878,3.3341488268699147,1.6383638678468768,-0.0,0.0
1,4,sep,fri,1.6955051755425009e+24,31.677134746556476,11003.327528952339,4.067411229145057,41.741819367262295,3.3341488268699147,1.4195555028702762,-0.0,8.12
6,5,sep,fri,1.6955051755425009e+24,31.677134746556476,11003.327528952339,4.067411229145057,35.14128721886486,3.392902701992548,1.4195555028702762,-0.0,1.09
4,3,sep,fri,1.6955051755425009e+24,31.677134746556476,11003.327528952339,4.067411229145057,32.52694175356161,3.447479402007038,2.127207396074414,-0.0,3.94
7,4,sep,fri,9.255890149672413e+23,18.672392676535054,9863.980718311426,4.383912363234928,27.66522573173375,3.724072238445727,1.7995646395503064,-0.0,0.52
4,3,sep,tue,1.5608195156690995e+24,29.88541392870437,10613.937371885931,3.094931781484368,29.26630683343131,3.5764150696414374,1.4195555028702762,-0.0,2.93
6,5,sep,tue,1.5608195156690995e+24,29.88541392870437,10613.937371885931,3.094931781484368,41.741819367262295,3.24812788399119,1.6383638678468768,-0.0,5.65
6,5,sep,tue,1.5608195156690995e+24,29.88541392870437,10613.937371885931,3.094931781484368,38.04352565380168,3.447479402007038,1.7995646395503064,-0.0,20.03
4,5,sep,tue,1.3965653803180234e+24,33.41459301517335,11458.310558329602,4.5763404634746,29.26630683343131,3.3135243735595687,2.5660743395766525,-0.0,1.75
4,5,sep,tue,1.3965653803180234e+24,33.41459301517335,11458.310558329602,4.5763404634746,30.422015849318676,3.040891373606746,1.9869112958216417,-0.0,0.0
6,5,sep,sat,1.416186952868156e+24,26.715261962708222,10100.928362611301,3.6233159464104507,31.353672742333682,3.4818151725897204,2.4174684809054514,-0.0,12.64
4,5,sep,sun,1.3771947944292344e+24,54.06804454779253,11724.973465119794,3.2696931098345243,24.524521716323168,3.867793752825978,3.140881781919918,-0.0,0.0
7,4,sep,sun,1.3771947944292344e+24,54.06804454779253,11724.973465119794,3.2696931098345243,24.524521716323168,3.867793752825978,3.140881781919918,-0.0,11.06
3,4,jul,wed,1.5608195156690995e+24,33.630323995505655,6016.548384634763,3.5178229411038426,25.413290265271574,3.64713045563451,2.127207396074414,-0.0,0.0
4,5,aug,sun,1.582558789540361e+24,44.26527929485889,8569.211535830658,3.5444559892140775,17.269901468021352,3.8474068079265336,0.7153401251655416,-0.0,0.0
5,4,aug,thu,2.317336115508587e+24,46.949826229453706,9213.34918180677,4.8609248675126695,39.759856369578266,3.392902701992548,1.6383638678468768,-0.0,0.0
6,5,sep,fri,1.2483850323667107e+24,55.79360974842065,12351.744375779257,3.354163532444537,17.06524280983741,3.877781229675184,2.127207396074414,-0.0,18.3
6,5,sep,sat,1.416186952868156e+24,26.715261962708222,10100.928362611301,3.6233159464104507,28.120635767686487,3.633506677872831,2.4174684809054514,-0.0,39.35
8,6,aug,mon,1.6045769980811284e+24,44.803704384431654,8720.902291160737,3.5709138279250054,41.741819367262295,3.591096696309044,1.4195555028702762,-0.0,0.0
2,2,aug,sat,1.9975842299527927e+24,48.138224031573095,9530.185471657758,3.6233159464104507,43.74505132053795,3.392902701992548,1.4195555028702762,-0.0,174.63
6,5,mar,thu,1.3580722523299142e+24,8.91462062012189,102.47939228513103,3.5178229411038426,13.865639213968855,3.546170771445676,2.6794646683367547,-0.0,0.0
4,5,jan,sun,3416853912312050.0,0.9470634078864407,1207.7058470061243,0.0,7.427309566886096,4.069008677874433,0.7153401251655416,-0.0,0.0
5,4,jul,wed,1.9975842299527927e+24,28.014203208196825,5012.181708354246,4.448946373776487,37.31316941727758,3.3341488268699147,3.0443720057777894,-0.0,7.73
8,6,aug,thu,1.3205596845188554e+24,42.960722410205676,8170.611801277031,3.183322003020634,29.958540993249095,3.711782950708113,1.6383638678468768,-0.0,16.33
8,6,aug,wed,2.4448617937853406e+24,46.300762824033086,9049.53453754073,5.6117606243575056,60.20860161769304,3.098073175323486,1.2274046320367087,-0.0,5.86
9,6,aug,thu,1.4972430818231448e+24,50.45391719012561,10286.204035864215,3.034819159067949,40.25332310882917,3.64713045563451,1.6383638678468768,-0.0,42.87
8,4,aug,sat,1.4972430818231448e+24,53.749817806121676,11601.661630103312,3.436840812362984,42.24065452147869,3.4297155667924977,2.29240220946211,-0.0,12.18
2,4,aug,sun,1.4972430818231448e+24,41.087287336369876,7624.391456272103,3.4094747250131796,41.24431335907751,3.530584708297477,1.4195555028702762,-0.0,16.0
3,4,sep,sun,1.284004755745604e+24,27.164435713182108,10221.041393073609,4.340038131391101,40.50056523197025,3.6054991610169633,2.5660743395766525,-0.0,24.59
5,5,mar,thu,1.3580722523299142e+24,8.91462062012189,102.47939228513103,3.5178229411038426,19.766244551009983,3.4984208860167256,2.5660743395766525,-0.0,0.0
6,4,aug,fri,2.317336115508587e+24,47.58024780489596,9368.471394567854,4.470422243164526,47.30031814781303,3.225042172427029,1.7995646395503064,-0.0,28.74
7,4,aug,fri,2.317336115508587e+24,47.58024780489596,9368.471394567854,4.470422243164526,47.30031814781303,3.225042172427029,1.7995646395503064,-0.0,0.0
7,4,feb,mon,5.532408682557236e+23,5.420853591795786,256.35967839612493,2.295699305290537,11.564954065713797,3.8048771376691595,2.81510062769839,-0.0,9.96
8,6,sep,fri,1.3965653803180234e+24,26.14791607867461,9977.341008506432,3.298055583577956,40.748145045388185,3.4648401245591143,1.6383638678468768,-0.0,30.18
1,3,sep,sun,1.3771947944292344e+24,54.06804454779253,11724.973465119794,3.2696931098345243,43.74505132053795,3.4115299823762437,2.127207396074414,-0.0,70.76
2,4,mar,tue,1.917734825493787e+24,7.560738266374386,79.6738008116011,4.340038131391101,27.66522573173375,2.758845696925095,3.140881781919918,-0.0,0.0
6,5,feb,mon,5.05457484246433e+23,3.1221479168660364,186.77082826535306,1.4804975343973301,7.59895718026907,3.7713091109198666,1.2274046320367087,-0.0,0.0
4,5,feb,sun,5.7866363422043126e+23,5.207882684405332,247.60530224635477,2.061677084521521,16.657528638461297,3.6992892392716605,1.2274046320367087,-0.0,51.78
4,3,sep,sun,1.284004755745604e+24,27.164435713182108,10221.041393073609,4.340038131391101,40.00641978281174,3.6054991610169633,2.4174684809054514,-0.0,3.64
5,6,aug,sun,1.4972430818231448e+24,41.087287336369876,7624.391456272103,3.4094747250131796,49.87724177006989,3.201249323491328,1.9869112958216417,-0.0,3.63
1,2,aug,sat,1.9975842299527927e+24,48.138224031573095,9530.185471657758,3.6233159464104507,54.062816905896376,3.176705897554622,1.7995646395503064,-0.0,0.0
9,5,jun,wed,1.8917795471187882e+24,17.34630608013351,2680.915347274649,4.880625902244254,59.66833275275854,3.225042172427029,2.29240220946211,-0.0,0.0
9,5,jun,wed,1.8917795471187882e+24,17.34630608013351,2680.915347274649,4.880625902244254,59.66833275275854,3.225042172427029,2.29240220946211,-0.0,8.16
3,4,sep,thu,1.3965653803180234e+24,25.55450639910748,9852.276765301704,3.5971994957264815,46.02345547958143,3.4648401245591143,2.127207396074414,-0.0,4.95
9,9,aug,fri,2.317336115508587e+24,47.58024780489596,9368.471394567854,4.470422243164526,51.699113293502414,3.270546262925017,2.127207396074414,-0.0,0.0
8,6,aug,thu,1.3205596845188554e+24,42.960722410205676,8170.611801277031,3.183322003020634,42.24065452147869,3.373812343505924,1.9869112958216417,-0.0,0.0
2,4,sep,wed,8.863544223427399e+23,24.894901947967394,9723.818505708055,2.141660138813218,43.493502494373836,3.225042172427029,1.4195555028702762,-0.0,6.04
2,2,aug,tue,2.255900471253044e+24,45.520692209455625,8877.192846228014,3.900197561512463,59.39860950231964,3.040891373606746,1.4195555028702762,-0.0,0.0
6,5,sep,sat,7.891023003863969e+23,55.95578472878125,12462.7812021762,2.2578901736165946,31.821829763651895,3.7597762405179234,2.4174684809054514,-0.0,3.95
4,5,feb,sat,5.532408682557236e+23,4.858809588857034,235.8762543379832,1.8080639979138056,25.413290265271574,3.4648401245591143,2.127207396074414,-0.0,0.0
4,3,sep,fri,1.2483850323667107e+24,55.79360974842065,12351.744375779257,3.354163532444537,38.7770244724834,3.4297155667924977,1.7995646395503064,-0.0,7.8
1,4,jul,tue,1.6494633484060878e+24,27.071194597947535,4876.775875776391,4.491799118498101,47.556626646751575,3.1513643659395485,2.5660743395766525,-0.0,0.0
6,3,feb,fri,5.05457484246433e+23,4.452489795247036,222.51768052874073,1.718352276102424,26.53397138182101,3.392902701992548,1.6383638678468768,-0.0,0.0
7,4,feb,fri,5.449982328910128e+23,2.339164686508507,169.36348396121988,1.9795292565702665,12.896172120672318,3.5764150696414374,3.5415244471774203,-0.0,4.62
9,4,jul,mon,1.6494633484060878e+24,26.299861240790857,4750.300560716119,3.972656077123106,46.02345547958143,3.040891373606746,2.29240220946211,-0.0,1.63
7,5,aug,sat,1.9975842299527927e+24,48.138224031573095,9530.185471657758,3.6233159464104507,55.38614654959108,3.201249323491328,1.9869112958216417,-0.0,0.0
5,4,aug,sun,1.9706333542909763e+24,48.679117854788984,9684.995236849927,4.043915534780405,49.35941313466844,3.530584708297477,2.127207396074414,-0.0,0.0
8,6,aug,thu,2.317336115508587e+24,46.949826229453706,9213.34918180677,4.8609248675126695,58.32247337250643,3.040891373606746,2.4174684809054514,-0.0,746.28
6,3,jul,tue,1.7427296565944335e+24,38.49193256994587,6963.627900479331,3.751457791643953,55.120906567560766,3.3341488268699147,1.7995646395503064,-0.0,7.02
6,5,mar,wed,1.917734825493787e+24,8.372145941644503,91.76975952267047,3.9965398411414794,24.524521716323168,2.9464848568968196,2.6794646683367547,-0.0,0.0
2,4,aug,sun,1.582558789540361e+24,44.26527929485889,8569.211535830658,3.5444559892140775,51.43795051759047,3.392902701992548,2.5660743395766525,-0.0,2.44
2,5,aug,sun,1.4972430818231448e+24,41.087287336369876,7624.391456272103,3.4094747250131796,51.17708485175544,3.270546262925017,2.127207396074414,-0.0,3.05
8,8,aug,wed,1.5181648497797294e+24,42.569389808168616,8040.282343608863,3.464018618659759,54.85595286802578,3.270546262925017,2.29240220946211,-0.0,185.76
2,4,aug,wed,2.4448617937853406e+24,46.300762824033086,9049.53453754073,5.6117606243575056,67.32962480947616,2.758845696925095,2.29240220946211,-0.0,0.0
8,6,jul,sun,1.0234464269987119e+24,52.375623124943935,11128.686848593929,2.6850670620187738,63.19946193014118,3.040891373606746,1.9869112958216417,-0.0,6.3
1,3,sep,sat,1.416186952868156e+24,26.715261962708222,10100.928362611301,3.6233159464104507,44.75447727691724,3.4984208860167256,2.127207396074414,-0.0,0.72
8,6,aug,sat,1.9975842299527927e+24,48.138224031573095,9530.185471657758,3.6233159464104507,56.71661505451742,3.1513643659395485,1.9869112958216417,-0.0,4.96
2,2,aug,thu,1.4972430818231448e+24,50.45391719012561,10286.204035864215,3.034819159067949,40.00641978281174,3.619632616937646,1.4195555028702762,-0.0,0.0
8,6,aug,thu,1.4972430818231448e+24,50.45391719012561,10286.204035864215,3.034819159067949,40.00641978281174,3.619632616937646,1.4195555028702762,-0.0,0.0
2,4,aug,mon,1.6045769980811284e+24,44.803704384431654,8720.902291160737,3.5709138279250054,59.39860950231964,3.201249323491328,1.4195555028702762,-0.0,2.35
1,3,aug,thu,2.317336115508587e+24,46.949826229453706,9213.34918180677,4.8609248675126695,54.85595286802578,3.225042172427029,2.6794646683367547,-0.0,0.0
3,4,aug,sun,1.4972430818231448e+24,41.087287336369876,7624.391456272103,3.4094747250131796,50.6562481021856,3.4297155667924977,2.127207396074414,-0.0,3.2
7,4,sep,thu,1.1469198756411927e+24,55.443404479521874,12226.415332848434,3.183322003020634,37.5562703198035,3.447479402007038,1.9869112958216417,-0.0,0.0
1,3,aug,sat,1.6045769980811284e+24,40.59655158988785,7486.099657074315,3.9244869600522003,47.30031814781303,3.354235949007914,2.127207396074414,-0.0,6.36
8,6,aug,thu,2.317336115508587e+24,46.949826229453706,9213.34918180677,4.8609248675126695,48.84279953302652,3.3135243735595687,2.9192044696012833,-0.0,0.0
2,4,aug,sun,1.9706333542909763e+24,48.679117854788984,9684.995236849927,4.043915534780405,41.24431335907751,3.7480629027813284,2.4174684809054514,-0.0,15.34
1,4,aug,fri,1.302163928670706e+24,53.23843733589755,11439.919892158312,2.783922142129904,44.501638163833526,3.447479402007038,1.9869112958216417,-0.0,0.0
2,5,jul,sat,1.3391948425096476e+24,24.875358161373477,3766.621868168655,2.8162631890875414,48.584950514344364,3.546170771445676,1.2274046320367087,-0.0,0.0
8,6,aug,mon,1.6045769980811284e+24,44.803704384431654,8720.902291160737,3.5709138279250054,56.44995462711926,3.24812788399119,0.9594084776874938,-0.0,0.54
8,6,aug,sat,1.0990916598765811e+24,51.13833496170767,10576.03604539571,3.948639116147166,25.413290265271574,3.8264453981236373,1.6383638678468768,-0.0,0.0
2,5,aug,sat,1.9975842299527927e+24,48.138224031573095,9530.185471657758,3.6233159464104507,48.070172381834126,3.5764150696414374,2.127207396074414,-0.0,6.43
1,3,sep,fri,1.3965653803180234e+24,26.14791607867461,9977.341008506432,3.298055583577956,36.82802724352993,3.4648401245591143,1.4195555028702762,-0.0,0.33
5,4,sep,fri,1.2483850323667107e+24,55.79360974842065,12351.744375779257,3.354163532444537,29.958540993249095,3.64713045563451,1.9869112958216417,-0.0,0.0
8,6,aug,mon,1.6045769980811284e+24,44.803704384431654,8720.902291160737,3.5709138279250054,53.0093557871986,3.098073175323486,1.2274046320367087,-0.0,1.23
6,5,apr,mon,8.863544223427399e+23,10.82040509402916,158.41647074276793,2.141660138813218,18.301079804303498,3.724072238445727,1.7995646395503064,-0.0,3.35
1,2,jul,fri,1.3205596845188554e+24,24.126370423480285,3647.120024731996,5.403032132301558,26.759383972114115,3.877781229675184,3.234437179571204,-0.0,0.0
2,5,sep,fri,1.2483850323667107e+24,55.79360974842065,12351.744375779257,3.354163532444537,29.958540993249095,3.64713045563451,1.9869112958216417,-0.0,9.96
5,5,aug,sun,2.0804898964213318e+24,16.964352785917285,561.3600808900654,4.1830396409246715,32.52694175356161,3.8973617920346566,2.29240220946211,-0.0,0.0
6,5,aug,sun,1.582558789540361e+24,44.26527929485889,8569.211535830658,3.5444559892140775,36.82802724352993,3.793854563515507,1.4195555028702762,-0.0,0.0
3,4,mar,wed,1.917734825493787e+24,8.372145941644503,91.76975952267047,3.9965398411414794,14.257614282217785,3.24812788399119,3.234437179571204,-0.0,0.0
7,4,sep,wed,1.1469198756411927e+24,55.15480146727002,12116.038693382732,4.043915534780405,17.47509008709065,3.867793752825978,2.127207396074414,-0.0,0.0
7,4,aug,sun,1.4972430818231448e+24,41.087287336369876,7624.391456272103,3.4094747250131796,37.31316941727758,3.686584376750414,2.4174684809054514,-0.0,0.0
4,5,aug,wed,2.4448617937853406e+24,46.300762824033086,9049.53453754073,5.6117606243575056,47.556626646751575,3.5146725964821273,2.5660743395766525,-0.0,6.43
1,4,aug,fri,1.284004755745604e+24,43.35007383323299,8297.891541920906,5.3135682527637575,20.189350225473067,3.9708828057885457,2.4174684809054514,-0.0,9.71
7,4,aug,mon,1.4765874960127723e+24,49.09600208654607,9830.830726717948,3.3819168399284627,33.47239844324504,3.7361635161273425,2.127207396074414,-0.0,0.0
4,5,aug,thu,1.0990916598765811e+24,52.77582146897457,11278.88504302969,2.8162631890875414,32.76274019120988,3.591096696309044,1.7995646395503064,-0.0,0.0
3,4,aug,thu,1.4972430818231448e+24,50.45391719012561,10286.204035864215,3.034819159067949,31.353672742333682,3.619632616937646,1.7995646395503064,-0.0,0.0
3,4,jul,mon,2.255900471253044e+24,37.85887023486265,6813.5392648216975,5.3852612755708575,33.94737546680399,3.4984208860167256,1.6383638678468768,-0.0,0.0
2,4,aug,thu,1.4972430818231448e+24,50.45391719012561,10286.204035864215,3.034819159067949,30.887063975348266,3.6605125942506205,1.6383638678468768,-0.0,0.0
1,4,aug,wed,1.5181648497797294e+24,42.569389808168616,8040.282343608863,3.464018618659759,38.7770244724834,3.530584708297477,2.127207396074414,-0.0,82.75
8,6,aug,sat,1.9975842299527927e+24,48.138224031573095,9530.185471657758,3.6233159464104507,36.34430616875878,3.724072238445727,2.4174684809054514,-0.0,3.32
7,4,aug,sat,1.4972430818231448e+24,53.749817806121676,11601.661630103312,3.436840812362984,28.34895678846702,3.8157392537173407,3.234437179571204,-0.0,1.94
2,5,aug,sat,1.9975842299527927e+24,48.138224031573095,9530.185471657758,3.6233159464104507,36.34430616875878,3.724072238445727,2.4174684809054514,-0.0,0.0
8,6,aug,sat,1.9975842299527927e+24,48.138224031573095,9530.185471657758,3.6233159464104507,36.34430616875878,3.724072238445727,2.4174684809054514,-0.0,0.0
1,4,sep,sun,1.3771947944292344e+24,54.06804454779253,11724.973465119794,3.2696931098345243,26.084416775261708,3.857670165297283,3.140881781919918,-0.0,3.71
6,5,feb,tue,1.2010192824476906e+23,3.0151137283910976,42.01141125708998,1.3268908671086528,6.414862383357786,3.91643843798002,2.81510062769839,-0.0,5.39
6,4,feb,tue,1.2010192824476906e+23,3.0151137283910976,42.01141125708998,1.3268908671086528,7.256476249032859,3.867793752825978,2.5660743395766525,-0.0,2.14
2,2,feb,sat,2.4740101446607548e+23,2.571521902964506,38.80946434893169,1.2735778838900995,6.414862383357786,3.6605125942506205,0.7153401251655416,-0.0,6.84
6,5,mar,mon,8.006958567877933e+23,7.596871455788367,133.603611099207,3.2696931098345243,16.861117415566735,3.447479402007038,2.6794646683367547,-0.0,3.18
3,4,mar,wed,1.2309189931852627e+24,8.780550133717206,155.71527740864693,3.3262110652691286,18.92598188850904,3.373812343505924,2.5660743395766525,-0.0,5.55
6,5,mar,thu,1.4360624866161648e+24,9.473745287024553,168.81078265729113,3.649266052305128,23.423497149678663,3.040891373606746,1.9869112958216417,-0.0,6.61
6,3,apr,sun,1.3771947944292344e+24,7.415369148558309,79.6738008116011,4.534260690520191,24.303426548314825,3.201249323491328,3.5415244471774203,-0.0,61.13
5,4,apr,sun,1.3771947944292344e+24,7.415369148558309,79.6738008116011,4.534260690520191,33.23546997190036,3.040891373606746,2.6794646683367547,-0.0,0.0
4,3,may,fri,1.1307679681589717e+24,10.971458992909954,358.5902551582725,2.8483112438405196,34.18542122502334,3.354235949007914,2.127207396074414,-0.0,38.48
8,3,jun,mon,9.255890149672413e+23,27.071194597947535,1834.8935050205048,2.513709457946003,25.636569105038156,3.887636114400905,2.127207396074414,-0.0,1.94
9,4,jun,sat,1.284004755745604e+24,19.9939876682696,2114.2510987404653,3.875768822347085,50.396278657897476,3.530584708297477,1.7995646395503064,-0.0,70.32
4,3,jun,thu,1.8158447319886523e+24,28.47014799784849,2931.803196315042,4.205807188700679,55.38614654959108,3.24812788399119,1.6383638678468768,-0.0,10.08
2,5,jun,thu,1.9975842299527927e+24,31.62574611094893,3390.713924819264,5.6117606243575056,45.769025337066374,3.354235949007914,3.5415244471774203,-0.0,3.19
4,3,jul,thu,1.9440181636391113e+24,24.992495867634215,4035.760116093372,3.9965398411414794,57.51828506164958,3.0700028138731312,0.9594084776874938,-0.0,1.76
4,3,jul,sun,1.9975842299527927e+24,28.014203208196825,4462.292107018066,5.016374412882001,54.59128619279926,3.447479402007038,2.127207396074414,-0.0,7.36
7,4,jul,sun,1.9975842299527927e+24,28.014203208196825,4462.292107018066,5.016374412882001,34.66262034330811,3.91643843798002,2.29240220946211,-0.0,2.21
7,4,jul,mon,1.0682354766182723e+24,28.48830231252799,4587.895865981009,3.064997450039723,45.51491149756035,3.633506677872831,2.4174684809054514,-0.0,278.53
9,9,jul,thu,1.8661485751739423e+24,30.360697602381943,6688.667371520089,3.900197561512463,65.6705083139831,2.979224540449288,2.29240220946211,-0.0,2.75
4,3,jul,thu,1.8661485751739423e+24,30.360697602381943,6688.667371520089,3.900197561512463,65.6705083139831,2.876643225547074,2.4174684809054514,-0.0,0.0
3,4,aug,sun,2.3486291421720365e+24,33.08118619025375,7162.373196513168,4.90024820851212,47.556626646751575,3.354235949007914,2.6794646683367547,-0.0,1.29
8,6,aug,sun,2.3486291421720365e+24,33.08118619025375,7162.373196513168,4.90024820851212,67.88472640715968,3.040891373606746,2.5660743395766525,-0.0,0.0
2,5,aug,sun,2.3486291421720365e+24,33.08118619025375,7162.373196513168,4.90024820851212,73.7742646064403,2.979224540449288,2.127207396074414,-0.0,26.43
2,4,aug,mon,2.380311469823807e+24,33.944253760627845,7325.459884476873,6.147795975855577,66.77555152952331,3.0700028138731312,1.9869112958216417,-0.0,2.07
5,4,aug,tue,2.4123875284573053e+24,34.892803431080125,7495.055760890119,5.560338559227799,49.35941313466844,3.4115299823762437,2.81510062769839,-0.0,2.0
5,4,aug,tue,2.4123875284573053e+24,34.892803431080125,7495.055760890119,5.560338559227799,55.38614654959108,3.225042172427029,1.9869112958216417,-0.0,16.4
4,4,aug,tue,2.4123875284573053e+24,34.892803431080125,7495.055760890119,5.560338559227799,37.5562703198035,3.8048771376691595,3.140881781919918,-0.0,46.7
4,4,aug,wed,2.4123875284573053e+24,34.892803431080125,7495.055760890119,5.560338559227799,40.50056523197025,3.64713045563451,0.9594084776874938,-0.0,0.0
4,4,aug,wed,2.4123875284573053e+24,34.892803431080125,7495.055760890119,5.560338559227799,61.56404013303445,3.201249323491328,2.127207396074414,-0.0,0.0
4,4,aug,thu,2.648326234363749e+24,36.6063270930269,7825.124047787545,4.8411442568644345,71.79885538615865,2.839276850385046,2.29240220946211,-0.0,0.0
1,3,aug,fri,2.6837171967649726e+24,37.5479164464055,7998.202696200835,4.317941539454082,71.79885538615865,3.040891373606746,1.4195555028702762,-0.0,0.0
1,3,aug,fri,2.6837171967649726e+24,37.5479164464055,7998.202696200835,4.317941539454082,58.32247337250643,3.098073175323486,2.29240220946211,-0.0,43.32
6,6,aug,sat,2.7195438690218956e+24,38.47656111037831,8170.611801277031,4.880625902244254,67.32962480947616,3.125172583771113,2.4174684809054514,-0.0,8.59
6,6,aug,mon,2.7925240198923665e+24,40.22257010712222,8518.83192850981,5.403032132301558,48.84279953302652,3.392902701992548,1.4195555028702762,-0.0,0.0
4,5,aug,mon,2.7925240198923665e+24,40.22257010712222,8518.83192850981,5.403032132301558,72.36202415448768,3.0106609253618,1.7995646395503064,-0.0,2.77
3,4,aug,tue,2.755811157803352e+24,41.0576390234721,8694.625107454234,4.939259952979425,71.51764323787862,3.040891373606746,1.4195555028702762,-0.0,14.68
6,5,aug,tue,2.755811157803352e+24,41.0576390234721,8694.625107454234,4.939259952979425,74.34087743703638,3.0106609253618,1.6383638678468768,-0.0,40.54
7,5,aug,tue,2.755811157803352e+24,41.0576390234721,8694.625107454234,4.939259952979425,57.786068951963905,3.711782950708113,2.4174684809054514,0.010535368497416564,10.82
8,6,aug,tue,2.755811157803352e+24,41.0576390234721,8694.625107454234,4.939259952979425,42.99138102323447,3.7361635161273425,2.4174684809054514,0.010535368497416564,0.0
7,5,aug,tue,2.755811157803352e+24,41.0576390234721,8694.625107454234,4.939259952979425,42.99138102323447,3.7361635161273425,2.4174684809054514,0.010535368497416564,0.0
4,4,aug,tue,2.755811157803352e+24,41.0576390234721,8694.625107454234,4.939259952979425,40.748145045388185,3.7826668502410423,2.4174684809054514,0.010535368497416422,0.0
2,4,aug,wed,2.2257492185075726e+24,34.58366067658899,9032.443955834517,5.942724717524831,62.92622301570691,3.125172583771113,2.4174684809054514,-0.0,1.95
4,3,aug,wed,2.2257492185075726e+24,34.58366067658899,9032.443955834517,5.942724717524831,62.108108433149106,3.098073175323486,2.4174684809054514,-0.0,49.59
1,2,aug,thu,1.3771947944292344e+24,38.35346618597365,10100.928362611301,4.043915534780405,56.183576841536286,3.24812788399119,1.2274046320367087,-0.0,5.8
1,2,aug,fri,1.3771947944292344e+24,38.92095753784315,10262.493655083344,3.2696931098345243,35.381167718563454,3.8264453981236373,3.3475534717997957,-0.0,0.0
2,4,aug,fri,1.3771947944292344e+24,38.92095753784315,10262.493655083344,3.2696931098345243,54.062816905896376,3.373812343505924,1.9869112958216417,-0.0,0.0
1,2,aug,fri,1.3771947944292344e+24,38.92095753784315,10262.493655083344,3.2696931098345243,54.062816905896376,3.373812343505924,1.9869112958216417,-0.0,0.0
5,4,aug,fri,1.3771947944292344e+24,38.92095753784315,10262.493655083344,3.2696931098345243,41.741819367262295,3.8048771376691595,3.140881781919918,0.010535368497416564,2.17
6,5,aug,fri,1.3771947944292344e+24,38.92095753784315,10262.493655083344,3.2696931098345243,34.66262034330811,3.6992892392716605,2.5660743395766525,-0.0,0.43
8,6,aug,sun,3.445043092111858e+23,19.01302863491975,8589.76298442074,1.3268908671086528,59.12916126403282,3.24812788399119,1.6383638678468768,-0.0,0.0
4,3,aug,sun,3.445043092111858e+23,19.01302863491975,8589.76298442074,1.3268908671086528,59.12916126403282,3.176705897554622,1.6383638678468768,-0.0,6.44
2,4,aug,sun,3.445043092111858e+23,19.01302863491975,8589.76298442074,1.3268908671086528,43.74505132053795,3.8048771376691595,2.6794646683367547,-0.0,54.29
7,4,aug,sun,3.445043092111858e+23,19.01302863491975,8589.76298442074,1.3268908671086528,41.99107133024435,3.793854563515507,2.9192044696012833,-0.0,11.16
1,4,aug,sat,2.1959699956205551e+24,35.65109387842221,7655.029143896585,4.317941539454082,53.272284473945504,3.392902701992548,2.127207396074414,-0.0,0.0
6,3,nov,tue,2.4740101446607548e+23,2.219952630769051,610.0833203606282,0.8635730121426958,20.189350225473067,3.1513643659395485,2.29240220946211,-0.0,0.0
